{
  "ext.config.title": "Code Settings Sync 設定",
  "ext.config.gist": "Settings Sync で使用する GitHub GIST ID",
  "ext.config.lastUpload": "Settings Sync 最終アップロード日時. 手動でダウンロードする場合は空にしてください.",
  "ext.config.lastDownload": "Settings Sync 最終ダウンロード日時. 手動でダウンロードする場合は空にしてください.",
  "ext.config.autoDownload": "エディタを開いたときに設定を自動でダウンロードする場合は true にしてください. [再起動が必要です]",
  "ext.config.autoUpload": "変更したときに設定を自動でアップロードする場合は true にしてください. [再起動が必要です]",
  "ext.config.forceDownload": "ローカルの設定が更新されていても, リモート設定をダウンロードしたい場合は true にしてください.",
  "ext.config.host": "必要に応じて GitHub Enterprise のホストを指定してください.",
  "ext.config.pathPrefix": "必要に応じて GitHub Enterprise API プリフィックスを指定してください. 通常であれば '/api/v3'. hostフィールドが指定されているときだけ使います.",
  "ext.config.quietSync": "true にした場合, サイレントモードになります. 出力パネルではなくステータスバーに同期結果を表示します.",
  "ext.config.askGistName": "作成時に gist 名を尋ねます. 複数の gist を使用しているときにgistを識別するのに役に立ちます.",
  "ext.config.removeExtensions": "ダウンロード時に拡張機能を削除したくない場合 false にします.",
  "ext.config.syncExtensions": "拡張機能を同期したくない場合 false にします.",
  "cmd.howSetting.title": "Sync : 設定方法",
  "cmd.updateSettings.title": "Sync : 設定をアップロード",
  "cmd.updateSettings.info.uploading": "Sync : Github に設定を アップロード / 更新.",
  "cmd.updateSettings.info.uploadingFile": "Sync : ファイルのアップロード中です.",
  "cmd.updateSettings.info.uploadingDone": "Sync : アップロード完了. GIST ID : {0} . この ID をコピーして他のデバイスでの同期に使用してください.",
  "cmd.updateSettings.info.uploadingSuccess": "Sync : アップロードされました.",
  "cmd.updateSettings.info.shareGist": "Sync : 他の拡張機能ユーザーに ID を共有して設定を共有します.",
  "cmd.updateSettings.info.readding": "Sync : 設定と拡張機能を読み込みます.",
  "cmd.updateSettings.info.newGistCreated": "Sync : 新しい gist を作成しました.",
  "cmd.updateSettings.warning.noToken": "Sync : ローカルの同期設定ファイルで GitHub トークンを設定するか,  'downloadPublicGist' を無効にしてください.",
  "cmd.updateSettings.error.newGistCreateFail": "Sync : Gist を作成することができません.",
  "cmd.updateSettings.error.readGistFail": "Sync :  GIST ID: {0} 読み取ることができません.",
  "cmd.updateSettings.error.gistNotSave": "Sync : GIST が保存されていません",
  "cmd.downloadSettings.title": "Sync : 設定をダウンロード",
  "cmd.downloadSettings.info.downloaded": "Sync : ダウンロードが完了しました.",
  "cmd.downloadSettings.info.readdingOnline": "Sync : オンラインの設定を読み込み中です.",
  "cmd.downloadSettings.info.gotLatestVersion": "Sync : 既に最新の設定を持っています.",
  "cmd.downloadSettings.error.removeExtFail": "Sync : 一部の拡張機能を削除できません.",
  "cmd.downloadSettings.error.unableSave": "Sync : 拡張機能の設定ファイルを保存できません.",
  "cmd.resetSettings.title": "Sync : 拡張機能の設定をリセット",
  "cmd.resetSettings.info.resetting": "Sync : 設定をリセット中です.",
  "cmd.resetSettings.info.settingClear": "Sync : 設定がクリアされました.",
  "cmd.otherOptions.title": "Sync : 詳細なオプション",
  "cmd.otherOptions.editLocalSetting": "Sync : 拡張機能のローカル設定の編集",
  "cmd.otherOptions.shareSetting": "Sync : 公開 GIST で設定の共有",
  "cmd.otherOptions.shareSetting.beforeConfirm": "Sync : これにより, 現在の GIST が削除され, 新しく公開 GIST に設定がアップロードされます. 続行しますか?",
  "cmd.otherOptions.downloadSetting": "Sync : 公開 GIST から設定のダウンロード",
  "cmd.otherOptions.toggleForceDownload": "Sync : 強制ダウンロード ON / OFF 切り替え",
  "cmd.otherOptions.toggleForceDownload.on": "Sync : 強制ダウンロードを ON にしました.",
  "cmd.otherOptions.toggleForceDownload.off": "Sync : 強制ダウンロードを OFF にしました.",
  "cmd.otherOptions.toggleAutoUpload": "Sync : 設定変更時の自動アップロード ON / OFF 切り替え",
  "cmd.otherOptions.toggleAutoUpload.on": "Sync : 設定変更時の自動アップロードを ON にしました. 再起動後に反映されます.",
  "cmd.otherOptions.toggleAutoUpload.off": "Sync : 設定変更時の自動アップロードを OFF にしました.",
  "cmd.otherOptions.toggleAutoDownload": "Sync : 起動時の自動ダウンロード ON / OFF 切り替え",
  "cmd.otherOptions.toggleAutoDownload.on": "Sync : VSCode 起動時の自動ダウンロードを ON にしました.",
  "cmd.otherOptions.toggleAutoDownload.off": "Sync : VSCode 起動時の自動ダウンロードを OFF にしました.",
  "cmd.otherOptions.toggleSummaryPage": "Sync : アップロード / ダウンロード 時のサイレントモード ON / OFF 切り替え",
  "cmd.otherOptions.preserve": "Sync : ダウンロード後に上書きをしないように設定を保存",
  "cmd.otherOptions.preserve.placeholder": "保存する settings.json のキーを入力してください.",
  "cmd.otherOptions.preserve.prompt": "例 : 'http.proxy' => このコンピュータのプロキシを保存して, それで上書きします. 空の場合プロキシを削除します.",
  "cmd.otherOptions.preserve.info.done1": "Sync : 終了します. {0} の値はダウンロード後 settings.json から削除されます.",
  "cmd.otherOptions.preserve.info.done2": "Sync : 終了します. ダウンロード後に {0} : {1} で settings.json に保持します.",
  "cmd.otherOptions.customizedSync": "Sync : カスタム同期ファイルパスの追加",
  "cmd.otherOptions.customizedSync.placeholder": "追加でアップロードするファイルの絶対パスを入力してください.",
  "cmd.otherOptions.customizedSync.prompt": "(ex. /path/to/.eslintrc) はアップロードされ, 指定したパスにダウンロードされます.",
  "cmd.otherOptions.customizedSync.done": "Sync : {0} を登録しました.",
  "cmd.otherOptions.downloadCustomFile": "Sync : カスタム同期ファイルのインポート",
  "cmd.otherOptions.downloadCustomFile.placeholder": "作業中のworkspaceのルートディレクトリにダウンロードするファイルを選択してください.",
  "cmd.otherOptions.downloadCustomFile.done": "{0} にダウンロードしました.",
  "cmd.otherOptions.joinCommunity": "Sync : コミュニティに参加する",
  "cmd.otherOptions.openIssue": "Sync : Issue を作成する",
  "cmd.otherOptions.releaseNotes": "Sync : リリースノート",
  "cmd.otherOptions.quietSync.on": "Sync : サイレントモードを ON にしました. ステータスバーは ダウンロード / アップロード時に更新されます.",
  "cmd.otherOptions.quietSync.off": "Sync : サイレントモードを OFF にしました. 要約は ダウンロード / アップロード 時に表示されます.",
  "cmd.otherOptions.warning.tokenNotRequire": "Sync : Settings Sync はこれ以降 GitHub Token を尋ねません.",
  "cmd.otherOptions.error.toggleFail": "Sync : 切り替えできません.",
  "common.info.installed": "Sync : 設定を作成しました, インストールありがとうございます!",
  "common.info.needHelp": "Sync : この拡張機能の設定をお手伝いしますか?",
  "common.info.excludeFile": "Sync : アップロードとダウンロードの設定で ファイル / フォルダ を除外することができます.",
  "common.info.updating": "Sync : アップデート中です ... お待ちください.",
  "common.info.initAutoUpload": "Sync : 5秒後に自動アップロードを開始します.",
  "common.info.setToken": "Sync : GitHub token を `syncLocalSettings.json` に手動で設定できます",
  "common.info.tokenSaved": "Sync : トークンが保存されました",
  "common.info.gistSaved": "Sync : Gist が保存されました",
  "common.info.updateTo": "Sync : v{0} への更新",
  "common.info.donate": "Sync : この拡張機能を気に入りましたか? レビューや寄付はどうですか? (^_-)",
  "common.error.message": "Sync : エラーログがコンソールに表示されます (ヘルプ > 開発者ツールの切り替え).",
  "common.error.connection": "Sync : インターネットに接続されてない, もしくは GitHub に接族ができません. コンソールに例外が出力されました",
  "common.error.canNotSave": "Sync : 設定が保存できません. 有効な JSON settings.json ファイルがあることを確認してください. ( 例 : 後続のカンマがない )",
  "common.error.invalidToken": "Sync : 無効もしくは期限切れの GitHub Token です. README に記載のスコープで新しいトークンを生成してください. コンソールに例外が出力されました.",
  "common.error.invalidGistId": "Sync : 無効な Gist Id が入力されました. あなたの gist を確認してください : https://gist.github.com/<your_userName>/<gist_id>.",
  "common.error.tokenNotSave": "Sync : トークンが保存されませんでした.",
  "common.error.gistNotSave": "Sync : Gist が保存されませんでした.",
  "common.action.openExtPage": "拡張機能のページを開きます",
  "common.action.openExtTutorial": "チュートリアルを開きます",
  "common.action.releaseNotes": "リリースノート",
  "common.action.writeReview": "レビューを書きます",
  "common.action.support": "このプロジェクトをサポートします",
  "common.action.joinCommunity": "コミュニティに参加します",
  "common.action.donate": "寄付します",
  "common.placeholder.enterGithubAccessToken": "GitHub の個人アクセストークンを入力してください",
  "common.placeholder.enterGistId": "Gist Id を入力してください",
  "common.placeholder.multipleGist": "Gist 名 (例 : Personal Settings)",
  "common.prompt.multipleGist": "複数の gist を持っている場合に設定を識別できます.",
  "common.prompt.enterGistId": "以前にアップロードした設定の Gist Id を入力してください. コード設定で手動で設定する事もできます (sync.gist). 確定するには [Enter], キャンセルするには [Esc] を押してください.",
  "common.prompt.enterGithubAccessToken": "手動でトークンを追加する事もできます (ユーザーフォルダ / syncLocalSettings.json). 確定するには [Enter], キャンセルするには [Esc] を押してください."
}
