{
  "ext.config.title": "代码同步配置",
  "ext.config.gist": "设置同步使用的 GitHub GIST ID",
  "ext.config.lastUpload": "最近上传时间. 如果你要手动下载，请将其设置为空",
  "ext.config.lastDownload": "最近下载时间. 如果你要手动下载，请将其设置为空",
  "ext.config.autoDownload": "设置为 true 在编辑器打开时自动下载远程配置. [需要重启]",
  "ext.config.autoUpload": "设置为 true 在编辑器打开时自动上传本地配置. [需要重启]",
  "ext.config.forceDownload": "设置为 true 将会下载远程配置, 即便本地已有更新的配置.",
  "ext.config.host": "如果你是 Github 企业用户, 设置为 Github 企业版服务器.",
  "ext.config.pathPrefix": "如果你是 Github 企业用户, 设置 Github 的 API 前缀. 通常是 '/api/v3'. 只在 host 字段设置后生效",
  "ext.config.quietSync": "如果设置为 true, 开启静默模式. 上传和下载的概要信息显示在状态栏而非输出面板",
  "ext.config.askGistName": "在创建时询问 gist 的名称. 能够帮助你识别多个 gist.",
  "ext.config.removeExtensions": "设置为 false 如果你不想在下载时移除扩展.",
  "ext.config.syncExtensions": "设置为 false 如果你不想上传/下载扩展.",
  "cmd.howSetting.title": "Sync : 如何配置",
  "cmd.updateSettings.title": "Sync : 上传设置",
  "cmd.updateSettings.info.uploading": "Sync : 正在上传/更新 Github 设置",
  "cmd.updateSettings.info.uploadingFile": "Sync : 正在上传文件数据",
  "cmd.updateSettings.info.uploadingDone": "Sync : 上传完成. GIST ID : {0} .请在其他计算机上复制并使用此ID以下载设置.",
  "cmd.updateSettings.info.uploadingSuccess": "Sync : 上传成功.",
  "cmd.updateSettings.info.shareGist": "Sync : 分享 ID 给其他扩展使用者来分享你的设置",
  "cmd.updateSettings.info.readding": "Sync : 正在读取设置和扩展信息",
  "cmd.updateSettings.info.newGistCreated": "Sync : 新的 Gist 被创建",
  "cmd.updateSettings.warning.noToken": "Sync : 设置 GitHub 令牌或从本地同步设置文件中禁用 'downloadPublicGist'.",
  "cmd.updateSettings.error.newGistCreateFail": "Sync : 无法创建 Gist",
  "cmd.updateSettings.error.readGistFail": "Sync : 不能读取 ID 为 {0} 的 Gist",
  "cmd.updateSettings.error.gistNotSave": "Sync : Gist 未保存",
  "cmd.downloadSettings.title": "Sync : 下载设置",
  "cmd.downloadSettings.info.downloaded": "Sync : 下载完成",
  "cmd.downloadSettings.info.readdingOnline": "Sync : 正在读取远程设置",
  "cmd.downloadSettings.info.gotLatestVersion": "Sync : 现在您已使用最新版本的设置.",
  "cmd.downloadSettings.error.removeExtFail": "Sync : 不能移除一些扩展",
  "cmd.downloadSettings.error.unableSave": "Sync : 无法保存扩展配置文件",
  "cmd.resetSettings.title": "Sync : 重置设置",
  "cmd.resetSettings.info.resetting": "Sync : 正在重置你的设置",
  "cmd.resetSettings.info.settingClear": "Sync : 设置清除完毕",
  "cmd.otherOptions.title": "Sync : 高级选项",
  "cmd.otherOptions.editLocalSetting": "Sync : 编辑本地扩展设置",
  "cmd.otherOptions.shareSetting": "Sync : 分享设置到公开的 Gist",
  "cmd.otherOptions.shareSetting.beforeConfirm": "Sync : 这将会删除当前的 Gist 设置然后重新上传到一个新的 Gist 上, 你确定继续吗 ？",
  "cmd.otherOptions.downloadSetting": "Sync : 从公开的 Gist 下载设置",
  "cmd.otherOptions.toggleForceDownload": "Sync : 切换开关: 是否强制下载",
  "cmd.otherOptions.toggleForceDownload.on": "Sync : 强制下载 - 已开启",
  "cmd.otherOptions.toggleForceDownload.off": "Sync : 强制下载 - 已关闭",
  "cmd.otherOptions.toggleAutoUpload": "Sync : 切换开关: 是否在设置变更后自动上传",
  "cmd.otherOptions.toggleAutoUpload.on": "Sync : 自动上传 - 已开启. [需要重启]",
  "cmd.otherOptions.toggleAutoUpload.off": "Sync : 自动上传 - 已关闭. [需要重启]",
  "cmd.otherOptions.toggleAutoDownload": "Sync : 切换开关: 是否在启动时自动下载",
  "cmd.otherOptions.toggleAutoDownload.on": "Sync : 在VSCode启动时自动下载 - 已开启. [需要重启]",
  "cmd.otherOptions.toggleAutoDownload.off": "Sync : 在VSCode启动时自动下载 - 已关闭. [需要重启]",
  "cmd.otherOptions.toggleSummaryPage": "Sync : 切换开关: 是否开启静默模式.",
  "cmd.otherOptions.preserve": "Sync : 下载后保留设置以防止覆盖",
  "cmd.otherOptions.preserve.placeholder": "输入 setting.json 中的一个字段作为保留的 key",
  "cmd.otherOptions.preserve.prompt": "例如: 输入 'http.proxy' => 存储此计算机代理并覆盖它. 如果设置为空它将删除代理.",
  "cmd.otherOptions.preserve.info.done1": "Sync : 完成. 下载完成后将从 setting.json 中删除 {0}",
  "cmd.otherOptions.preserve.info.done2": "Sync : 完成. 下载完成后扩展将保留 {0}:{1} 在 setting.json",
  "cmd.otherOptions.joinCommunity": "Sync : 加入社区",
  "cmd.otherOptions.openIssue": "Sync : 反馈问题",
  "cmd.otherOptions.releaseNotes": "Sync : 更新日志",
  "cmd.otherOptions.quietSync.on": "Sync : 静默模式开启. 现在上传和下载的概要信息显示在状态栏上",
  "cmd.otherOptions.quietSync.off": "Sync : 静默模式关闭. 现在上传和下载的概要信息显示在输出面板上",
  "cmd.otherOptions.warning.tokenNotRequire": "Sync : Settings Sync 从现在开始不会询问你的 Github Token",
  "cmd.otherOptions.error.toggleFail": "Sync : 切换失败",
  "common.info.installed": "Sync : 配置已创建. 感谢您的使用 !",
  "common.info.needHelp": "Sync : 需要帮助来配置此扩展吗?",
  "common.info.excludeFile": "Sync : 你可以在上传和下载中忽略任何文件或文件夹",
  "common.info.updating": "Sync : 正在更新... 请稍后.",
  "common.info.initAutoUpload": "Sync : 5 秒后开始自动上传",
  "common.info.setToken": "Sync : 现在你可以在 `syncLocalSettings.json` 中手动设置 GitHub token",
  "common.info.tokenSaved": "Sync : Token 已保存",
  "common.info.gistSaved": "Sync : Gist 已保存",
  "common.info.updateTo": "Sync : 更新至 v{0}",
  "common.info.donate": "Sync : 你喜欢这个扩展吗? 要不留下评论或捐助我怎么样 ;)",
  "common.error.message": "Sync : 错误信息已打印在控制台 (帮助 > 切换开发人员工具)",
  "common.error.connection": "Sync : 未连接到网络或者连接 Github 失败. 错误信息已打印到控制台",
  "common.error.canNotSave": "Sync : 保存设置失败. 请确保你的 setting.json 文件合法 (例如 : 没有逗号尾随)",
  "common.error.invalidToken": "Sync : Github Token 无效或已过期. 请重新生成. 错误信息已打印到控制台",
  "common.error.invalidGistId": "Sync : Gist Id 无效. 请确认你的 Gist : https://gist.github.com/<your_userName>/<gist_id>. 是否有效",
  "common.error.tokenNotSave": "Sync : Token 未保存.",
  "common.error.gistNotSave": "Sync : Gist 未保存.",
  "common.action.openExtPage": "打开扩展主页",
  "common.action.openExtTutorial": "打开教程",
  "common.action.releaseNotes": "更新日志",
  "common.action.writeReview": "去写评论",
  "common.action.support": "支持这个项目",
  "common.action.joinCommunity": "加入社区",
  "common.action.donate": "捐赠我",
  "common.placeholder.enterGithubAccessToken": "请输入 GitHub Token",
  "common.placeholder.enterGistId": "请输入 Gist Id",
  "common.placeholder.multipleGist": "Gist 名 [ 例如 : Personal Settings ]",
  "common.prompt.multipleGist": "如果你有多个 Gist 设置, 请输入名称扩展才得以识别",
  "common.prompt.enterGistId": "请输入上一次上传设置的 Gist Id. 你也可以手动添加到 VSCode 的配置文件 (sync.gist 字段). 按下 [Enter] 确认或者 输入 'esc' 取消",
  "common.prompt.enterGithubAccessToken": "链接打开了! 你可以手动添加到  用户目录/syncLocalSettings.json. 按下 [Enter] 确认或者 输入 'esc' 取消"
}
