{
	"ext.config.title": "Code Settings Sync Konfiguration",
	"ext.config.gist": "GitHub Gist-ID für Settings Sync.",
	"ext.config.lastUpload": "Zeitstempel des letzten Uploads von Settings Sync. Leeren um Download zu erzwingen.",
	"ext.config.lastDownload": "Zeitstepel des letzten Downloads von Settings Sync. Leeren um Download zu erzwingen.",
	"ext.config.autoDownload": "Auf true setzen um die Einstellungen beim Programmstart automatisch herunterzuladen. [Programmneustart benötigt]",
	"ext.config.autoUpload": "Auf true setzen um die Einstellungen bei Änderung automatisch hochzuladen. [Programmneustart benötigt]",
	"ext.config.forceDownload": "Auf true setzen um selbst bei aktuellen Einstellung die Daten neu herunterzuladen.",
	"ext.config.host": "Falls erwünscht, GitHub Enterprise Host definieren.",
	"ext.config.pathPrefix": "Falls erwünscht, GitHub Enterprise API-Prefix definieren. Normalerweise '/api/v3'. Wird nur verwended wenn ein Host definiert ist.",
	"ext.config.quietSync": "Zeigt bei true Ergebnisse nur in der Statusleiste statt einer Zusammenfassung an.",
	"ext.config.askGistName": "Fragt nach Gist-Namen bei Erstellung. Hilft dir, das Gist zu identifizieren, solltest du mehrere benutzen.",
	"ext.config.removeExtensions": "Auf false setzen wenn Erweiterungen beim Herunterladen der Einstellungen nicht entfernt werden sollen.",
	"ext.config.syncExtensions": "Auf false setzen wenn Erweiterungen nicht synchronisiert werden sollen.",
	"cmd.howSetting.title": "Sync : Einrichtungsanleitung",
	"cmd.updateSettings.title": "Sync : Einstellungen aktualisieren/hochladen",
	"cmd.updateSettings.info.uploading": "Sync : Aktualisiere Daten auf GitHub.",
	"cmd.updateSettings.info.uploadingFile": "Sync : Lädt Dateien hoch.",
	"cmd.updateSettings.info.uploadingDone": "Sync : Upload abgeschlossen. Gist-ID : {0} . Diese ID bitte kopieren und für die Synchronisierung auf anderen Geräten verwenden.",
	"cmd.updateSettings.info.uploadingSuccess": "Sync : Erfolgreich hochgeladen.",
	"cmd.updateSettings.info.shareGist": "Sync : Teile diese ID mit anderen Benutzern der Erweiterung um die Einstellungen zu teilen.",
	"cmd.updateSettings.info.readding": "Sync : Lese Einstellungen und Erweiterungen.",
	"cmd.updateSettings.info.newGistCreated": "Sync : Neues Gist erstellt.",
	"cmd.updateSettings.warning.noToken": "Sync : GitHub Token definieren oder 'downloadPublicGist' innerhalb der lokalen Sync-Einstellungen deaktivieren.",
	"cmd.updateSettings.error.newGistCreateFail": "Sync : Kann Gist nicht erstellen.",
	"cmd.updateSettings.error.readGistFail": "Sync :  Gist-ID: {0} UNLESBAR.",
	"cmd.updateSettings.error.gistNotSave": "Sync : GIST NICHT GESICHERT",
	"cmd.downloadSettings.title": "Sync : Einstellungen herunterladen",
	"cmd.downloadSettings.info.readdingOnline": "Sync : Lese Online-Einstellungen.",
	"cmd.downloadSettings.info.gotLatestVersion": "Sync : Du hast bereits die aktuellesten Einstellungen.",
	"cmd.downloadSettings.error.removeExtFail": "Sync : Kann manche Erweiterungen nicht entfernen.",
	"cmd.downloadSettings.error.unableSave": "Sync : Konnte Erweiterungseinstellungen nicht in Datei speichern.",
	"cmd.resetSettings.title": "Sync : Einstellungen zurücksetzen",
	"cmd.downloadSettings.info.downloaded": "Sync : Download vollständig.",
	"cmd.resetSettings.info.resetting": "Sync : Setze Einstellungen zurück.",
	"cmd.resetSettings.info.settingClear": "Sync : Einstellungen zurückgesetzt.",
	"cmd.otherOptions.title": "Sync : Erweiterte Optionen",
	"cmd.otherOptions.editLocalSetting": "Sync : Lokale Erweiterungseinstellungen bearbeiten",
	"cmd.otherOptions.shareSetting": "Sync : Einstellungen via öffentlichem Gist teilen",
	"cmd.otherOptions.shareSetting.beforeConfirm": "Sync : derzeitiges Gist entfernen und Einstellungen zu neuem Gist hinzufügen. Fortfahren?",
	"cmd.otherOptions.downloadSetting": "Sync : Einstellungen von öffentlichem Gist laden",
	"cmd.otherOptions.toggleForceDownload": "Sync : Erzwungener Download an/aus",
	"cmd.otherOptions.toggleForceDownload.on": "Sync : Erzwungener Download an.",
	"cmd.otherOptions.toggleForceDownload.off": "Sync : Erzwungener Download aus.",
	"cmd.otherOptions.toggleAutoUpload": "Sync : Automatischer Upload nach Änderung an/aus",
	"cmd.otherOptions.toggleAutoUpload.on": "Sync : Automatischer Upload nach Änderung an. Programmneustart notwendig.",
	"cmd.otherOptions.toggleAutoUpload.off": "Sync : Automatischer Upload nach Änderung aus.",
	"cmd.otherOptions.toggleAutoDownload": "Sync : Automatischer Download bei Start an/aus",
	"cmd.otherOptions.toggleAutoDownload.on": "Sync : Automatischer Download bei Start an.",
	"cmd.otherOptions.toggleAutoDownload.off": "Sync : Automatischer Download bei Start aus.",
	"cmd.otherOptions.toggleSummaryPage": "Sync : Zusammenfassung nach Up-/Download anzeigen an/aus",
	"cmd.otherOptions.preserve": "Sync : Einstellungen erhalten um Überschreiben nach Download verhindern",
	"cmd.otherOptions.preserve.placeholder": "Zu erhaltenden Schlüssel aus settings.json eingeben.",
	"cmd.otherOptions.preserve.prompt": "Beispiel : 'http.proxy' => der derzeitig eingestellte Proxy bleibt erhalten und wird anschließend überschrieben; falls leer gelassen wird der Proxy entfernt.",
	"cmd.otherOptions.preserve.info.done1": "Sync : Fertig. {0} Wert wird nach Download von settings.json entfert.",
	"cmd.otherOptions.preserve.info.done2": "Sync : Fertig. Erweiterung erhält nach dem Download {0} : {1} in setting.json.",
	"cmd.otherOptions.joinCommunity": "Sync : Community beitreten",
	"cmd.otherOptions.openIssue": "Sync : Issue erstellen",
	"cmd.otherOptions.releaseNotes": "Sync : Versionshinweise",
	"cmd.otherOptions.quietSync.on": "Sync : Statusleiste wird bei Up-/Download aktualisiert.",
	"cmd.otherOptions.quietSync.off": "Sync : Zusammenfassung wird bei Up-/Download angezeigt.",
	"cmd.otherOptions.warning.tokenNotRequire": "Sync : Settings Sync wird ab jetzt nicht mehr nach einem GitHub-Token fragen.",
	"cmd.otherOptions.error.toggleFail": "Sync : Konnte Einstellung nicht ändern.",
	"common.info.installed": "Sync : Einstellungen erstellt. Danke für das Benutzen dieser Erweiterung!",
	"common.info.needHelp": "Sync : Benötigst du Hilfe bei der Einrichtung der Erweiterung?",
	"common.info.excludeFile": "Sync : Du kannst beliebige Dateien/Ordner vom Upload und Einstellungen zum Download ausschließen.",
	"common.info.updating": "Sync : Aktualisieren... bitte warten.",
	"common.info.initAutoUpload": "Sync : Autoupload beginnt in 5 Sekunden.",
	"common.info.setToken": "Sync : Du kannst den GitHub-Token nun manuell in `syncLocalSettings.json` definieren`",
	"common.info.tokenSaved": "Sync : Token gesichert",
	"common.info.gistSaved": "Sync : Gist gesichert",
	"common.info.updateTo": "Sync : Auf v{0} aktualisiert",
	"common.info.donate": "Sync : Gefällt dir die Erweiterung? Schon an eine Bewertung oder an eine kleine Spende gedacht? ;)",
	"common.error.message": "Sync : Fehler in Konsole geloggt (Hilfe -> Entwicklerkonsole anzeigen).",
	"common.error.connection": "Sync : Keine Verbindung zum Internet oder Verbindung zu GitHub nicht möglich. Fehler in Konsole geloggt.",
	"common.error.canNotSave": "Sync : Kann Einstellungen nicht speicihern. Bitte settings.json validieren (z.B. unnötige Kommas)",
	"common.error.invalidToken": "Sync : ungültiger / abgelaufener GitHub Token. Bitte neuen Token mit in Readme genannten Zugriffsrechten generieren. Fehler in Konsole geloggt.",
	"common.error.invalidGistId": "Sync : ungültige Gist Id. Bitte verifizieren: https://gist.github.com/<Name_des_Nutzers>/<gist_id>.",
	"common.error.tokenNotSave": "Sync : Token nicht gesichert.",
	"common.error.gistNotSave": "Sync : Gist nicht gesichert.",
	"common.action.openExtPage": "Erweiterungsseite öffnen",
	"common.action.openExtTutorial": "Anleitung öffnen",
	"common.action.releaseNotes": "Versionshinweise",
	"common.action.writeReview": "Bewertung schreiben",
	"common.action.support": "Projekt unterstützen",
	"common.action.joinCommunity": "Community beitreten",
	"common.action.donate": "Spenden",
	"common.placeholder.enterGithubAccessToken": "GitHub Personal Access Token eingeben",
	"common.placeholder.enterGistId": "Gist-ID eingeben",
	"common.placeholder.multipleGist": "Gist-Name [ z.B. Persönliche Einstellungen ]",
	"common.prompt.multipleGist": "Ermöglicht dir im Falle mehrerer Gists die Einstellungen zu identizifieren.",
	"common.prompt.enterGistId":
		"Gist-ID der vorherig hochgeladeenen Einstellungen eingeben. Du kannst sie außerdem manuell in den Einstellungen setzen (sync.gist). [Enter] um fortzufahren, [Escape] um abzubrechen).",
	"common.prompt.enterGithubAccessToken": "Du kannst den Token auch manuell hinzufügen (Benutzerordner/syncLocalSettings.json). [Enter] um fortzufahren, [Escape] um abzurechen."
}
